PageID,Page name,Data comment,Date,Approximate earnings (USD),Stars (USD),Impressions,Interactions,Net follows,Reactions,Comments and replies,Shares,Views
12345,Generic Page Name,,01/01/2025,0,0,1310,20,3,6,8,15,1360
12345,Generic Page Name,,01/02/2025,0,0,5720,160,7,52,3,0,6740
12345,Generic Page Name,,01/03/2025,0,0,4690,220,6,65,7,19,5470
12345,Generic Page Name,,01/04/2025,0,0,4300,60,9,18,16,12,4550
12345,Generic Page Name,,01/05/2025,0,0,3800,20,7,3,16,9,3590
12345,Generic Page Name,,01/06/2025,0,0,3730,30,4,6,14,1,3580
12345,Generic Page Name,,01/07/2025,0,0,3090,20,4,4,0,8,2970
12345,Generic Page Name,,01/08/2025,0,0,1290,10,-1,2,17,0,1330
12345,Generic Page Name,,01/09/2025,0,0,2390,20,-3,5,9,16,2580
12345,Generic Page Name,,01/10/2025,0,0,4210,100,-3,32,2,1,4890
12345,Generic Page Name,,01/11/2025,0,0,7170,250,-6,85,4,1,9740
12345,Generic Page Name,,01/12/2025,0,0,4490,80,-7,28,9,0,5500
12345,Generic Page Name,,01/13/2025,0,0,5540,40,-6,6,9,1,5450
12345,Generic Page Name,,01/14/2025,0,0,4820,60,-8,16,0,1,4650
12345,Generic Page Name,,01/15/2025,0,0,2810,60,-7,16,2,4,2630
12345,Generic Page Name,,01/16/2025,0,0,2370,50,-4,16,0,3,2440
12345,Generic Page Name,,01/17/2025,0,0,3480,180,-1,54,6,12,4010
12345,Generic Page Name,,01/18/2025,0,0,2870,90,-1,26,14,4,3170
12345,Generic Page Name,,01/19/2025,0,0,2920,80,5,18,8,7,4130
12345,Generic Page Name,,01/20/2025,0,0,1650,70,6,24,17,14,2150
12345,Generic Page Name,,01/21/2025,0,0,1120,20,8,5,11,0,1270
12345,Generic Page Name,,01/22/2025,0,0,370,20,7,4,5,9,510
12345,Generic Page Name,,01/23/2025,0,0,2600,20,7,6,4,10,2540
12345,Generic Page Name,,01/24/2025,0,0,4950,130,9,37,12,9,5190
12345,Generic Page Name,,01/25/2025,0,0,3700,20,5,5,19,0,3480
12345,Generic Page Name,,01/26/2025,0,0,3770,30,4,8,4,5,3330
12345,Generic Page Name,,01/27/2025,0,0,3360,20,0,4,0,2,2970
12345,Generic Page Name,,01/28/2025,0,0,3760,10,-3,3,9,4,3330
12345,Generic Page Name,,01/29/2025,0,0,710,10,-2,0,19,6,660
12345,Generic Page Name,,01/30/2025,0,0,2530,50,-6,12,8,0,2730
12345,Generic Page Name,,01/31/2025,0,0,2570,20,-7,5,14,3,2400
12345,Generic Page Name,,02/01/2025,0,0,3330,20,-10,7,7,9,2950
12345,Generic Page Name,,02/02/2025,0,0,3980,10,-6,2,3,0,3450
12345,Generic Page Name,,02/03/2025,0,0,7730,60,-5,17,3,4,7150
12345,Generic Page Name,,02/04/2025,0,0,7190,20,-4,6,2,11,6510
12345,Generic Page Name,,02/05/2025,0,0,3900,30,-4,9,0,1,3630
12345,Generic Page Name,,02/06/2025,0,0,1130,30,1,6,9,1,1580
12345,Generic Page Name,,02/07/2025,0,0,3190,70,2,20,2,1,3430
12345,Generic Page Name,,02/08/2025,0,0,3330,20,5,6,14,8,2960
12345,Generic Page Name,,02/09/2025,0,0,4260,20,7,3,13,1,3820
12345,Generic Page Name,,02/10/2025,0,0,3530,10,6,3,11,2,3180
12345,Generic Page Name,,02/11/2025,0,0,3190,10,6,2,3,10,2790
12345,Generic Page Name,,02/12/2025,0,0,2510,20,8,2,10,18,2480
12345,Generic Page Name,,02/13/2025,0,0,4910,40,4,14,1,6,4840
12345,Generic Page Name,,02/14/2025,0,0,3440,30,3,10,1,3,3230
12345,Generic Page Name,,02/15/2025,0,0,6480,230,-1,68,5,12,8460
12345,Generic Page Name,,02/16/2025,0,0,5580,140,-3,40,10,0,7690
12345,Generic Page Name,,02/17/2025,0,0,4510,60,-7,20,18,13,5010
12345,Generic Page Name,,02/18/2025,0,0,4510,70,-8,20,0,18,4410
12345,Generic Page Name,,02/19/2025,0,0,1590,130,-9,43,9,1,1960
12345,Generic Page Name,,02/20/2025,0,0,4520,140,-8,44,12,9,4810
12345,Generic Page Name,,02/21/2025,0,0,6340,320,-8,98,3,2,6270
12345,Generic Page Name,,02/22/2025,0,0,5810,70,-5,19,1,14,5280
12345,Generic Page Name,,02/23/2025,0,0,5720,50,-5,14,1,0,4960
12345,Generic Page Name,,02/24/2025,0,0,6330,140,-2,44,18,12,5640
12345,Generic Page Name,,02/25/2025,0,0,5390,50,1,17,4,11,4640
12345,Generic Page Name,,02/26/2025,0,0,4540,50,5,18,9,8,4260
12345,Generic Page Name,,02/27/2025,0,0,4570,50,7,15,14,11,4260
12345,Generic Page Name,,02/28/2025,0,0,5010,70,5,22,5,14,4750
12345,Generic Page Name,,03/01/2025,0,0,7350,270,9,89,1,0,8240
12345,Generic Page Name,,03/02/2025,0,0,6810,320,8,104,12,1,7700
12345,Generic Page Name,,03/03/2025,0,0,5580,210,5,54,0,7,6070
12345,Generic Page Name,,03/04/2025,0,0,4590,70,6,18,4,1,5070
12345,Generic Page Name,,03/05/2025,0,0,1120,40,1,11,13,17,1390
12345,Generic Page Name,,03/06/2025,0,0,2260,60,-2,19,12,12,3040
12345,Generic Page Name,,03/07/2025,0,0,3860,360,-1,110,12,3,5310
12345,Generic Page Name,,03/08/2025,0,0,4700,200,-5,59,15,0,5800
12345,Generic Page Name,,03/09/2025,0,0,3490,40,-9,12,13,1,4100
12345,Generic Page Name,,03/10/2025,0,0,4000,130,-9,42,6,1,4210
12345,Generic Page Name,,03/11/2025,0,0,3420,30,-7,11,3,8,3630
12345,Generic Page Name,,03/12/2025,0,0,1130,10,-6,3,4,6,1400
12345,Generic Page Name,,03/13/2025,0,0,2450,50,-5,16,5,2,2950
12345,Generic Page Name,,03/14/2025,0,0,4420,90,-2,28,6,9,5710
12345,Generic Page Name,,03/15/2025,0,0,4070,100,0,30,8,1,4670
12345,Generic Page Name,,03/16/2025,0,0,3490,20,1,6,8,14,4080
12345,Generic Page Name,,03/17/2025,0,0,3680,50,4,16,16,14,4100
12345,Generic Page Name,,03/18/2025,0,0,3840,30,5,9,0,6,4360
12345,Generic Page Name,,03/19/2025,0,0,930,10,8,1,7,5,1090
12345,Generic Page Name,,03/20/2025,0,0,2260,60,7,19,12,10,2090
12345,Generic Page Name,,03/21/2025,0,0,4560,290,9,86,6,14,3950
12345,Generic Page Name,,03/22/2025,0,0,2780,50,8,13,17,3,2070
12345,Generic Page Name,,03/23/2025,0,0,3720,90,3,30,16,7,3080
12345,Generic Page Name,,03/24/2025,0,0,3460,60,1,20,11,16,3120
12345,Generic Page Name,,03/25/2025,0,0,2740,30,-1,8,11,16,2130
12345,Generic Page Name,,03/26/2025,0,0,1150,20,-4,6,5,1,1310
12345,Generic Page Name,,03/27/2025,0,0,2530,70,-7,25,0,6,2560
12345,Generic Page Name,,03/28/2025,0,0,4190,250,-5,77,0,3,4140
12345,Generic Page Name,,03/29/2025,0,0,3390,190,-10,58,11,5,3280
12345,Generic Page Name,,03/30/2025,0,0,3540,70,-10,24,2,10,1900
12345,Generic Page Name,,03/31/2025,0,0,2880,40,-5,10,0,6,1610
12345,Generic Page Name,,04/01/2025,0,0,3090,40,-5,13,9,2,2050
12345,Generic Page Name,,04/02/2025,0,0,990,50,-4,15,13,12,1070
12345,Generic Page Name,,04/03/2025,0,0,2410,90,-3,29,15,15,1790
12345,Generic Page Name,,04/04/2025,0,0,2960,160,2,48,13,5,2780
12345,Generic Page Name,,04/05/2025,0,0,2960,90,4,25,3,2,2020
12345,Generic Page Name,,04/06/2025,0,0,3110,20,4,4,2,4,1870
12345,Generic Page Name,,04/07/2025,0,0,2930,30,7,10,3,0,2060
12345,Generic Page Name,,04/08/2025,0,0,3120,50,6,13,11,16,2590
12345,Generic Page Name,,04/09/2025,0,0,810,40,8,12,6,1,830
12345,Generic Page Name,,04/10/2025,0,0,2140,20,4,5,0,0,1870
12345,Generic Page Name,,04/11/2025,0,0,2950,30,6,9,4,1,2500
12345,Generic Page Name,,04/12/2025,0,0,3430,40,4,13,1,2,2590
12345,Generic Page Name,,04/13/2025,0,0,2940,20,0,4,8,2,2210
12345,Generic Page Name,,04/14/2025,0,0,2660,30,-2,9,0,4,2050
12345,Generic Page Name,,04/15/2025,0,0,2630,10,-8,3,1,14,2000
12345,Generic Page Name,,04/16/2025,0,0,1230,40,-8,12,19,4,1170
12345,Generic Page Name,,04/17/2025,0,0,2800,20,-8,4,5,1,2410
12345,Generic Page Name,,04/18/2025,0,0,3340,40,-8,13,1,0,2420
12345,Generic Page Name,,04/19/2025,0,0,2640,20,-8,4,11,8,1750
12345,Generic Page Name,,04/20/2025,0,0,3370,30,-7,7,16,0,1900
12345,Generic Page Name,,04/21/2025,0,0,3000,20,-3,4,5,2,1620
12345,Generic Page Name,,04/22/2025,0,0,3300,20,-1,5,11,9,2200
12345,Generic Page Name,,04/23/2025,0,0,530,10,4,1,13,0,410
12345,Generic Page Name,,04/24/2025,0,0,1850,40,7,12,10,6,1780
12345,Generic Page Name,,04/25/2025,0,0,2780,60,9,14,8,1,2200
12345,Generic Page Name,,04/26/2025,0,0,2930,60,9,19,0,2,1770
12345,Generic Page Name,,04/27/2025,0,0,2450,10,9,2,1,1,1120
12345,Generic Page Name,,04/28/2025,0,0,2820,10,9,1,11,0,1320
12345,Generic Page Name,,04/29/2025,0,0,2660,30,4,6,0,1,1590
12345,Generic Page Name,,04/30/2025,0,0,630,0,5,0,1,1,600
12345,Generic Page Name,,05/01/2025,0,0,3080,50,3,15,15,5,2450
12345,Generic Page Name,,05/02/2025,0,0,4860,250,0,76,8,5,4370
12345,Generic Page Name,,05/03/2025,0,0,2940,40,-4,12,9,11,2030
12345,Generic Page Name,,05/04/2025,0,0,2830,20,-5,5,11,6,1390
12345,Generic Page Name,,05/05/2025,0,0,1940,30,-7,7,6,4,1700
12345,Generic Page Name,,05/06/2025,0,0,1150,10,-6,2,1,18,1730
12345,Generic Page Name,,05/07/2025,0,0,990,20,-10,5,6,3,1350
12345,Generic Page Name,,05/08/2025,0,0,4270,110,-8,35,3,1,5320
12345,Generic Page Name,,05/09/2025,0,0,2620,140,-7,44,0,20,4570
12345,Generic Page Name,,05/10/2025,0,0,960,30,-1,7,0,2,2400
12345,Generic Page Name,,05/11/2025,0,0,840,30,2,10,3,1,2140
12345,Generic Page Name,,05/12/2025,0,0,1920,10,1,3,15,18,2070
12345,Generic Page Name,,05/13/2025,0,0,2560,20,4,3,2,4,2200
12345,Generic Page Name,,05/14/2025,0,0,870,10,8,1,0,0,870
12345,Generic Page Name,,05/15/2025,0,0,4980,30,9,6,2,5,4420
12345,Generic Page Name,,05/16/2025,0,0,9210,70,6,15,14,6,8120
12345,Generic Page Name,,05/17/2025,0,0,2630,0,7,0,4,7,1870
12345,Generic Page Name,,05/18/2025,0,0,3590,140,7,45,14,10,2870
12345,Generic Page Name,,05/19/2025,0,0,3490,50,2,13,6,4,2740
12345,Generic Page Name,,05/20/2025,0,0,4450,50,2,13,17,0,3170
12345,Generic Page Name,,05/21/2025,0,0,1230,10,-2,3,6,15,900
12345,Generic Page Name,,05/22/2025,0,0,3090,40,-3,13,14,8,2320
12345,Generic Page Name,,05/23/2025,0,0,3030,20,-4,5,0,5,2120
12345,Generic Page Name,,05/24/2025,0,0,2820,10,-8,0,5,4,1920
12345,Generic Page Name,,05/25/2025,0,0,4170,20,-7,7,6,3,3580
12345,Generic Page Name,,05/26/2025,0,0,2760,10,-6,2,0,3,1930
12345,Generic Page Name,,05/27/2025,0,0,2930,40,-5,13,13,5,2280
12345,Generic Page Name,,05/28/2025,0,0,1550,80,-7,27,2,2,1690
12345,Generic Page Name,,05/29/2025,0,0,3340,60,-2,17,6,18,3210
12345,Generic Page Name,,05/30/2025,0,0,3090,70,-1,21,1,7,2950
12345,Generic Page Name,,05/31/2025,0,0,3310,30,1,8,10,0,2730
12345,Generic Page Name,,06/01/2025,0,0,2680,30,4,7,16,4,2110
12345,Generic Page Name,,06/02/2025,0,0,3780,20,7,3,15,14,3220
12345,Generic Page Name,,06/03/2025,0,0,3710,20,10,6,4,18,3220
12345,Generic Page Name,,06/04/2025,0,0,4330,40,6,5,1,16,4490
12345,Generic Page Name,,06/05/2025,0,0,3130,10,6,3,15,5,3730
12345,Generic Page Name,,06/06/2025,0,0,5480,190,3,63,1,17,5800
12345,Generic Page Name,,06/07/2025,0,0,3510,40,5,12,10,1,3020
12345,Generic Page Name,,06/08/2025,0,0,3530,20,2,6,15,5,2970
12345,Generic Page Name,,06/09/2025,0,0,2510,50,-2,13,13,1,2180
12345,Generic Page Name,,06/10/2025,0,0,2290,20,-6,7,1,13,1970
12345,Generic Page Name,,06/11/2025,0,0,4490,230,-5,77,2,3,4750
12345,Generic Page Name,,06/12/2025,0,0,6000,260,-6,72,0,9,6800
12345,Generic Page Name,,06/13/2025,0,0,3340,60,-7,19,19,0,3500
12345,Generic Page Name,,06/14/2025,0,0,2690,40,-8,13,5,5,2270
12345,Generic Page Name,,06/15/2025,0,0,3820,50,-6,13,15,9,3450
12345,Generic Page Name,,06/16/2025,0,0,3000,10,-3,2,18,8,2370
12345,Generic Page Name,,06/17/2025,0,0,2880,20,0,5,0,7,2390
12345,Generic Page Name,,06/18/2025,0,0,1930,50,2,17,12,8,2330
12345,Generic Page Name,,06/19/2025,0,0,3600,130,2,40,13,0,4490
12345,Generic Page Name,,06/20/2025,0,0,4690,180,4,52,9,1,5000
12345,Generic Page Name,,06/21/2025,0,0,3860,50,9,16,19,0,3560
12345,Generic Page Name,,06/22/2025,0,0,4170,10,10,2,0,0,3210
12345,Generic Page Name,,06/23/2025,0,0,2500,20,6,4,14,16,1880
12345,Generic Page Name,,06/24/2025,0,0,6280,260,6,82,2,1,7960
12345,Generic Page Name,,06/25/2025,0,0,1430,40,7,10,5,1,2220
12345,Generic Page Name,,06/26/2025,0,0,2910,40,5,14,0,0,3280
12345,Generic Page Name,,06/27/2025,0,0,5010,180,-2,53,1,18,5320
12345,Generic Page Name,,06/28/2025,0,0,3360,50,-4,12,1,15,3190
12345,Generic Page Name,,06/29/2025,0,0,3430,30,-5,10,7,5,3590
12345,Generic Page Name,,06/30/2025,0,0,4590,20,-9,5,0,4,4480
12345,Generic Page Name,,07/01/2025,0,0,4080,60,-6,17,10,8,4010
12345,Generic Page Name,,07/02/2025,0,0,2980,20,-7,7,2,0,2870
12345,Generic Page Name,,07/03/2025,0,0,3630,0,-9,0,2,10,3580
12345,Generic Page Name,,07/04/2025,0,0,3870,60,-4,15,10,18,4430
12345,Generic Page Name,,07/05/2025,0,0,3280,40,-5,10,4,0,3130
12345,Generic Page Name,,07/06/2025,0,0,2780,10,1,3,0,8,2730
12345,Generic Page Name,,07/07/2025,0,0,3300,10,0,3,0,6,3200
12345,Generic Page Name,,07/08/2025,0,0,4000,60,2,18,20,9,3870
12345,Generic Page Name,,07/09/2025,0,0,5890,130,8,36,4,3,7400
12345,Generic Page Name,,07/10/2025,0,0,3600,30,9,8,0,11,3810
12345,Generic Page Name,,07/11/2025,0,0,6870,90,6,30,1,8,8460
12345,Generic Page Name,,07/12/2025,0,0,3900,30,9,6,3,14,3390
12345,Generic Page Name,,07/13/2025,0,0,3750,0,6,0,18,15,2910
12345,Generic Page Name,,07/14/2025,0,0,3120,20,6,5,19,1,2800
12345,Generic Page Name,,07/15/2025,0,0,2930,20,2,4,19,16,2440
12345,Generic Page Name,,07/16/2025,0,0,3150,50,1,5,17,8,4430
12345,Generic Page Name,,07/17/2025,0,0,3050,20,-2,4,0,11,3220
12345,Generic Page Name,,07/18/2025,0,0,3150,10,-6,3,15,0,2700
12345,Generic Page Name,,07/19/2025,0,0,2950,10,-7,1,14,1,2510
12345,Generic Page Name,,07/20/2025,0,0,2970,10,-9,3,4,6,2380
12345,Generic Page Name,,07/21/2025,0,0,4770,20,-8,4,6,2,4870
12345,Generic Page Name,,07/22/2025,0,0,3590,0,-9,0,1,3,3060
12345,Generic Page Name,,07/23/2025,0,0,1510,20,-7,4,4,4,2180
12345,Generic Page Name,,07/24/2025,0,0,5090,20,-3,1,1,5,5280
12345,Generic Page Name,,07/25/2025,0,0,4590,160,0,42,8,5,6070
12345,Generic Page Name,,07/26/2025,0,0,3630,40,0,12,2,6,3870
12345,Generic Page Name,,07/27/2025,0,0,8210,270,6,93,7,1,9390
12345,Generic Page Name,,07/28/2025,0,0,5520,60,7,15,15,16,6320
12345,Generic Page Name,,07/29/2025,0,0,4270,40,10,11,19,0,4960
12345,Generic Page Name,,07/30/2025,0,0,2210,30,10,5,3,15,2590
12345,Generic Page Name,,07/31/2025,0,0,1110,10,7,2,12,3,1280
12345,Generic Page Name,,08/01/2025,0,0,5550,190,5,57,0,10,6790
12345,Generic Page Name,,08/02/2025,0,0,5820,220,6,72,2,0,7010
12345,Generic Page Name,,08/03/2025,0,0,4360,80,4,22,14,17,4950
12345,Generic Page Name,,08/04/2025,0,0,2020,10,-2,3,6,5,2540
12345,Generic Page Name,,08/05/2025,0,0,850,30,-4,8,7,1,1000
12345,Generic Page Name,,08/06/2025,0,0,580,20,-5,5,5,8,710
12345,Generic Page Name,,08/07/2025,0,0,3390,20,-8,4,7,6,3830
12345,Generic Page Name,,08/08/2025,0,0,3190,20,-7,4,5,4,3200
12345,Generic Page Name,,08/09/2025,0,0,3100,30,-6,11,8,13,2800
12345,Generic Page Name,,08/10/2025,0,0,2930,10,-7,1,1,17,2370
12345,Generic Page Name,,08/11/2025,0,0,3000,0,-7,0,1,15,2540
12345,Generic Page Name,,08/12/2025,0,0,2960,10,-2,1,12,7,2310
12345,Generic Page Name,,08/13/2025,0,0,800,0,-3,0,1,1,840
12345,Generic Page Name,,08/14/2025,0,0,780,10,2,1,1,2,1060
12345,Generic Page Name,,08/15/2025,0,0,7860,270,5,91,6,0,9150
12345,Generic Page Name,,08/16/2025,0,0,2930,70,8,21,16,8,3310
12345,Generic Page Name,,08/17/2025,0,0,3520,30,6,11,10,12,3990
12345,Generic Page Name,,08/18/2025,0,0,4730,80,9,16,9,1,5720
12345,Generic Page Name,,08/19/2025,0,0,1700,30,8,4,3,1,2620
12345,Generic Page Name,,08/20/2025,0,0,1210,30,4,4,11,14,1600
12345,Generic Page Name,,08/21/2025,0,0,2700,50,2,15,19,1,2800
12345,Generic Page Name,,08/22/2025,0,0,4440,230,3,68,1,2,5030
12345,Generic Page Name,,08/23/2025,0,0,3210,50,-1,14,0,2,2850
12345,Generic Page Name,,08/24/2025,0,0,2860,10,-2,2,15,18,2270
12345,Generic Page Name,,08/25/2025,0,0,2870,10,-8,1,8,1,2190
12345,Generic Page Name,,08/26/2025,0,0,3650,40,-7,9,2,9,3370
12345,Generic Page Name,,08/27/2025,0,0,2750,50,-7,15,3,13,3130
12345,Generic Page Name,,08/28/2025,0,0,1090,20,-9,5,2,9,1270
12345,Generic Page Name,,08/29/2025,0,0,2730,60,-8,14,2,20,3470
12345,Generic Page Name,,08/30/2025,0,0,1500,60,-6,16,2,14,2270
12345,Generic Page Name,,08/31/2025,0,0,490,0,-5,0,2,5,630
12345,Generic Page Name,,09/01/2025,0,0,1550,10,2,2,5,10,1530
12345,Generic Page Name,,09/02/2025,0,0,1060,0,1,0,0,5,1150
12345,Generic Page Name,,09/03/2025,0,0,740,10,4,1,1,3,910
12345,Generic Page Name,,09/04/2025,0,0,2370,20,7,5,0,10,2180
12345,Generic Page Name,,09/05/2025,0,0,7400,220,9,66,16,0,8070
12345,Generic Page Name,,09/06/2025,0,0,8160,420,10,128,0,2,9610
12345,Generic Page Name,,09/07/2025,0,0,4570,90,7,28,6,1,4380
12345,Generic Page Name,,09/08/2025,0,0,3740,50,6,16,0,0,3580
12345,Generic Page Name,,09/09/2025,0,0,3430,90,6,31,6,10,3060
12345,Generic Page Name,,09/10/2025,0,0,4160,190,-1,55,1,1,4980
12345,Generic Page Name,,09/11/2025,0,0,3470,120,-1,40,13,7,4400
12345,Generic Page Name,,09/12/2025,0,0,3960,120,-2,41,6,7,4890
12345,Generic Page Name,,09/13/2025,0,0,3620,120,-5,37,0,4,4130
12345,Generic Page Name,,09/14/2025,0,0,3330,70,-9,23,1,3,3850
12345,Generic Page Name,,09/15/2025,0,0,3060,100,-6,30,3,8,3630
12345,Generic Page Name,,09/16/2025,0,0,3310,90,-8,26,12,14,4060
12345,Generic Page Name,,09/17/2025,0,0,1540,30,-7,10,3,1,2110
12345,Generic Page Name,,09/18/2025,0,0,2160,50,-5,17,11,2,2150
12345,Generic Page Name,,09/19/2025,0,0,6710,190,-1,60,15,1,7800
12345,Generic Page Name,,09/20/2025,0,0,4960,80,1,26,4,5,5020
12345,Generic Page Name,,09/21/2025,0,0,3270,30,5,9,2,4,2920
12345,Generic Page Name,,09/22/2025,0,0,3430,40,5,13,6,0,3490
12345,Generic Page Name,,09/23/2025,0,0,3220,30,7,8,10,16,3160
12345,Generic Page Name,,09/24/2025,0,0,2070,30,10,11,1,5,2030
12345,Generic Page Name,,09/25/2025,0,0,3320,60,10,19,16,6,3710
12345,Generic Page Name,,09/26/2025,0,0,6600,370,5,95,7,2,7580
12345,Generic Page Name,,09/27/2025,0,0,4390,60,5,19,3,10,4360
12345,Generic Page Name,,09/28/2025,0,0,2770,20,5,6,12,4,2440
12345,Generic Page Name,,09/29/2025,0,0,3050,60,1,16,11,3,2410
12345,Generic Page Name,,09/30/2025,0,0,3900,90,-4,25,5,7,3310
12345,Generic Page Name,,10/01/2025,0,0,3600,160,-6,46,15,0,4350
12345,Generic Page Name,,10/02/2025,0,0,2280,30,-4,11,9,2,2770
12345,Generic Page Name,,10/03/2025,0,0,6870,170,-8,52,2,14,7800
12345,Generic Page Name,,10/04/2025,0,0,3960,110,-7,33,18,1,4740
12345,Generic Page Name,,10/05/2025,0,0,2420,30,-7,7,1,1,2390
12345,Generic Page Name,,10/06/2025,0,0,5110,110,-8,35,0,3,6010
12345,Generic Page Name,,10/07/2025,0,0,3700,20,-3,3,8,4,3630
12345,Generic Page Name,,10/08/2025,0,0,1850,30,0,8,17,3,1870
12345,Generic Page Name,,10/09/2025,0,0,3570,20,2,3,7,0,3670
12345,Generic Page Name,,10/10/2025,0,0,2890,50,5,15,5,8,2970
12345,Generic Page Name,,10/11/2025,0,0,2360,10,5,2,19,0,2150
12345,Generic Page Name,,10/12/2025,0,0,4830,50,9,10,3,1,5720
12345,Generic Page Name,,10/13/2025,0,0,3230,30,7,8,1,17,3130
12345,Generic Page Name,,10/14/2025,0,0,3580,60,10,15,11,4,3540
12345,Generic Page Name,,10/15/2025,0,0,1240,20,7,2,14,14,1550
12345,Generic Page Name,,10/16/2025,0,0,2840,50,6,16,17,1,2490
12345,Generic Page Name,,10/17/2025,0,0,2430,20,1,7,1,1,1850
12345,Generic Page Name,,10/18/2025,0,0,2950,10,1,1,6,0,1850
12345,Generic Page Name,,10/19/2025,0,0,3370,10,-2,1,2,1,2390
12345,Generic Page Name,,10/20/2025,0,0,2570,20,-7,4,15,20,1750
12345,Generic Page Name,,10/21/2025,0,0,3050,0,-8,0,3,17,2120
12345,Generic Page Name,,10/22/2025,0,0,1330,10,-10,1,1,11,1240
12345,Generic Page Name,,10/23/2025,0,0,2490,10,-8,2,3,4,1860
12345,Generic Page Name,,10/24/2025,0,0,6000,430,-8,119,0,13,5710
12345,Generic Page Name,,10/25/2025,0,0,5760,200,-7,65,15,4,5230
12345,Generic Page Name,,10/26/2025,0,0,4860,80,-4,25,1,0,3940
12345,Generic Page Name,,10/27/2025,0,0,4700,90,-2,27,0,8,3930
12345,Generic Page Name,,10/28/2025,0,0,6200,40,0,12,15,0,5690
12345,Generic Page Name,,10/29/2025,0,0,4150,50,6,13,2,0,4440
12345,Generic Page Name,,10/30/2025,0,0,5120,80,4,26,1,17,5520
12345,Generic Page Name,,10/31/2025,0,0,6070,150,7,41,11,7,6480
12345,Generic Page Name,,11/01/2025,0,0,3440,20,7,4,3,3,2830
12345,Generic Page Name,,11/02/2025,0,0,2990,10,8,3,11,7,2170
12345,Generic Page Name,,11/03/2025,0,0,2710,20,7,3,13,9,1990
12345,Generic Page Name,,11/04/2025,0,0,4150,70,4,11,2,10,4330
12345,Generic Page Name,,11/05/2025,0,0,1760,10,2,3,1,0,1880
12345,Generic Page Name,,11/06/2025,0,0,4130,50,-2,7,6,8,3230
12345,Generic Page Name,,11/07/2025,0,0,4040,60,-1,12,17,19,3600
12345,Generic Page Name,,11/08/2025,0,0,4280,70,-3,23,3,12,3370
12345,Generic Page Name,,11/09/2025,0,0,5550,40,-8,8,2,9,4430
12345,Generic Page Name,,11/10/2025,0,0,3480,40,-9,7,2,19,2520
12345,Generic Page Name,,11/11/2025,0,0,3310,20,-7,4,12,17,2320
12345,Generic Page Name,,11/12/2025,0,0,660,10,-6,1,9,5,560
12345,Generic Page Name,,11/13/2025,0,0,7250,160,-4,49,3,0,7410
12345,Generic Page Name,,11/14/2025,0,0,4490,130,-3,38,1,10,4010
12345,Generic Page Name,,11/15/2025,0,0,4420,40,-2,9,0,5,4050
12345,Generic Page Name,,11/16/2025,0,0,3470,40,2,13,16,16,3040
12345,Generic Page Name,,11/17/2025,0,0,3700,40,2,7,15,10,3460
12345,Generic Page Name,,11/18/2025,0,0,2950,20,8,7,6,11,2480
12345,Generic Page Name,,11/19/2025,0,0,810,20,5,7,16,11,660
12345,Generic Page Name,,11/20/2025,0,0,2570,40,6,13,10,4,2270
12345,Generic Page Name,,11/21/2025,0,0,4040,80,9,25,15,12,3750
12345,Generic Page Name,,11/22/2025,0,0,2830,20,5,7,3,3,2610
12345,Generic Page Name,,11/23/2025,0,0,3030,10,4,1,0,1,2600
12345,Generic Page Name,,11/24/2025,0,0,4170,70,2,15,4,3,4050
12345,Generic Page Name,,11/25/2025,0,0,2950,10,1,1,9,0,2540
12345,Generic Page Name,,11/26/2025,0,0,1960,30,-4,3,6,4,2100
12345,Generic Page Name,,11/27/2025,0,0,2490,20,-7,6,1,0,2510
12345,Generic Page Name,,11/28/2025,0,0,4410,100,-6,33,0,12,5030
12345,Generic Page Name,,11/29/2025,0,0,2480,20,-6,6,2,0,2250
12345,Generic Page Name,,11/30/2025,0,0,2290,10,-9,1,6,1,1820
12345,Generic Page Name,,12/01/2025,0,0,3340,100,-8,27,8,0,3080
12345,Generic Page Name,,12/02/2025,0,0,4220,60,-4,19,9,7,4130
12345,Generic Page Name,,12/03/2025,0,0,1610,30,-5,8,18,8,1680
12345,Generic Page Name,,12/04/2025,0,0,4390,110,0,33,2,0,4760
12345,Generic Page Name,,12/05/2025,0,0,4410,50,1,12,10,12,4920
12345,Generic Page Name,,12/06/2025,0,0,5440,80,5,23,0,1,5740
12345,Generic Page Name,,12/07/2025,0,0,3540,20,8,7,3,6,2820
12345,Generic Page Name,,12/08/2025,0,0,4990,40,8,10,2,7,4500
12345,Generic Page Name,,12/09/2025,0,0,3790,30,6,6,1,0,3050
12345,Generic Page Name,,12/10/2025,0,0,4210,90,6,25,1,19,4960
12345,Generic Page Name,,12/11/2025,0,0,2680,40,6,13,3,1,2550
12345,Generic Page Name,,12/12/2025,0,0,2540,20,5,3,8,1,2340
12345,Generic Page Name,,12/13/2025,0,0,3070,30,3,8,1,10,2790
12345,Generic Page Name,,12/14/2025,0,0,2980,20,-3,2,9,0,2850
12345,Generic Page Name,,12/15/2025,0,0,3790,110,-5,27,11,9,4260
12345,Generic Page Name,,12/16/2025,0,0,5050,80,-8,20,8,2,5510
12345,Generic Page Name,,12/17/2025,0,0,3270,60,-8,13,4,9,4000
12345,Generic Page Name,,12/18/2025,0,0,3230,90,-9,29,19,8,3510
12345,Generic Page Name,,12/19/2025,0,0,3260,30,-7,9,16,2,3010
12345,Generic Page Name,,12/20/2025,0,0,3040,10,-8,1,18,10,2700
12345,Generic Page Name,,12/21/2025,0,0,3260,20,-5,3,7,19,2950
12345,Generic Page Name,,12/22/2025,0,0,2750,20,-2,2,9,8,2510
12345,Generic Page Name,,12/23/2025,0,0,4200,30,1,6,0,3,4400
12345,Generic Page Name,,12/24/2025,0,0,2160,20,0,4,0,6,2290
12345,Generic Page Name,,12/25/2025,0,0,1060,30,6,9,9,2,1350
12345,Generic Page Name,,12/26/2025,0,0,960,0,8,0,1,3,1230
12345,Generic Page Name,,12/27/2025,0,0,480,0,8,0,1,1,640
12345,Generic Page Name,,12/28/2025,0,0,530,30,9,10,1,13,560
12345,Generic Page Name,,12/29/2025,0,0,6330,190,8,60,0,0,7670
12345,Generic Page Name,,12/30/2025,0,0,1990,40,4,12,1,1,2290
12345,Generic Page Name,,12/31/2025,0,0,3460,90,4,26,3,10,4340
